Date,Electricity_Demand_kWh,Temperature_C,Day_of_Week,Holiday_Indicator,Season
2022-01-01,148.77,19.2,Saturday,1,Winter
2022-01-02,156.97,15.3,Sunday,0,Winter
2022-01-03,161.74,14.1,Monday,0,Winter
2022-01-04,145.69,15.6,Tuesday,0,Winter
2022-01-05,155.59,16.7,Wednesday,0,Winter
2022-01-06,136.28,16.4,Thursday,0,Winter
2022-01-07,158.36,18.7,Friday,0,Winter
2022-01-08,143.7,17.9,Saturday,0,Winter
2022-01-09,147.7,17.2,Sunday,0,Winter
2022-01-10,156.33,18.9,Monday,0,Winter
2022-01-11,153.53,24.4,Tuesday,0,Winter
2022-01-12,146.07,12.6,Wednesday,0,Winter
2022-01-13,172.54,22.4,Thursday,0,Winter
2022-01-14,160.04,23.2,Friday,0,Winter
2022-01-15,171.82,19.0,Saturday,0,Winter
2022-01-16,146.11,15.9,Sunday,0,Winter
2022-01-17,164.71,19.7,Monday,0,Winter
2022-01-18,179.7,16.9,Tuesday,0,Winter
2022-01-19,157.56,16.6,Wednesday,0,Winter
2022-01-20,160.77,16.4,Thursday,0,Winter
2022-01-21,160.08,14.1,Friday,0,Winter
2022-01-22,166.58,19.5,Saturday,0,Winter
2022-01-23,163.59,21.1,Sunday,0,Winter
2022-01-24,177.62,18.6,Monday,0,Winter
2022-01-25,169.28,17.1,Tuesday,0,Winter
2022-01-26,187.12,18.3,Wednesday,0,Winter
2022-01-27,168.91,17.3,Thursday,0,Winter
2022-01-28,171.26,20.6,Friday,0,Winter
2022-01-29,184.49,23.5,Saturday,0,Winter
2022-01-30,166.01,16.4,Sunday,0,Winter
2022-01-31,171.62,20.4,Monday,0,Winter
2022-02-01,175.91,18.9,Tuesday,0,Winter
2022-02-02,176.06,16.1,Wednesday,0,Winter
2022-02-03,203.2,18.8,Thursday,0,Winter
2022-02-04,185.06,16.8,Friday,0,Winter
2022-02-05,200.63,21.3,Saturday,0,Winter
2022-02-06,170.65,22.1,Sunday,0,Winter
2022-02-07,169.45,18.8,Monday,0,Winter
2022-02-08,180.65,19.0,Tuesday,0,Winter
2022-02-09,186.97,21.2,Wednesday,0,Winter
2022-02-10,195.76,22.3,Thursday,0,Winter
2022-02-11,194.67,15.9,Friday,0,Winter
2022-02-12,179.33,19.7,Saturday,0,Winter
2022-02-13,189.75,18.9,Sunday,0,Winter
2022-02-14,197.66,22.8,Monday,0,Winter
2022-02-15,187.55,26.1,Tuesday,0,Winter
2022-02-16,195.72,21.7,Wednesday,0,Winter
2022-02-17,164.52,21.6,Thursday,0,Winter
2022-02-18,168.7,24.5,Friday,0,Winter
2022-02-19,184.73,23.2,Saturday,0,Winter
2022-02-20,182.93,20.6,Sunday,0,Winter
2022-02-21,198.14,24.1,Monday,0,Winter
2022-02-22,189.46,22.8,Tuesday,0,Winter
2022-02-23,194.07,20.9,Wednesday,0,Winter
2022-02-24,198.03,21.0,Thursday,0,Winter
2022-02-25,184.4,20.9,Friday,0,Winter
2022-02-26,198.94,21.2,Saturday,0,Winter
2022-02-27,198.08,22.0,Sunday,0,Winter
2022-02-28,187.96,22.6,Monday,0,Winter
2022-03-01,194.21,21.4,Tuesday,0,Spring
2022-03-02,190.53,26.9,Wednesday,0,Spring
2022-03-03,188.27,28.2,Thursday,0,Spring
2022-03-04,177.01,18.3,Friday,0,Spring
2022-03-05,185.27,23.0,Saturday,0,Spring
2022-03-06,192.46,25.0,Sunday,0,Spring
2022-03-07,205.38,22.8,Monday,0,Spring
2022-03-08,193.46,19.0,Tuesday,0,Spring
2022-03-09,190.86,15.5,Wednesday,0,Spring
2022-03-10,196.12,26.3,Thursday,0,Spring
2022-03-11,189.67,28.3,Friday,0,Spring
2022-03-12,194.52,32.0,Saturday,0,Spring
2022-03-13,188.54,27.0,Sunday,0,Spring
2022-03-14,185.89,16.5,Monday,0,Spring
2022-03-15,207.84,18.3,Tuesday,0,Spring
2022-03-16,181.18,25.6,Wednesday,0,Spring
2022-03-17,194.91,28.9,Thursday,0,Spring
2022-03-18,196.21,29.7,Friday,0,Spring
2022-03-19,188.13,23.7,Saturday,0,Spring
2022-03-20,203.32,27.2,Sunday,0,Spring
2022-03-21,204.71,23.0,Monday,0,Spring
2022-03-22,194.02,27.6,Tuesday,0,Spring
2022-03-23,198.68,22.8,Wednesday,0,Spring
2022-03-24,199.08,27.1,Thursday,0,Spring
2022-03-25,197.0,26.4,Friday,0,Spring
2022-03-26,206.88,26.1,Saturday,0,Spring
2022-03-27,194.15,24.8,Sunday,0,Spring
2022-03-28,217.17,25.1,Monday,0,Spring
2022-03-29,210.8,25.4,Tuesday,0,Spring
2022-03-30,210.66,30.1,Wednesday,0,Spring
2022-03-31,182.57,20.8,Thursday,0,Spring
2022-04-01,207.8,23.0,Friday,0,Spring
2022-04-02,190.47,28.5,Saturday,0,Spring
2022-04-03,195.99,22.8,Sunday,0,Spring
2022-04-04,192.19,29.6,Monday,0,Spring
2022-04-05,189.42,20.3,Tuesday,0,Spring
2022-04-06,212.89,26.8,Wednesday,0,Spring
2022-04-07,199.68,26.1,Thursday,0,Spring
2022-04-08,208.75,27.1,Friday,0,Spring
2022-04-09,197.73,23.8,Saturday,0,Spring
2022-04-10,199.06,30.5,Sunday,0,Spring
2022-04-11,187.12,25.1,Monday,0,Spring
2022-04-12,190.23,27.9,Tuesday,0,Spring
2022-04-13,204.82,21.0,Wednesday,0,Spring
2022-04-14,194.04,28.5,Thursday,0,Spring
2022-04-15,205.81,23.3,Friday,0,Spring
2022-04-16,196.81,16.8,Saturday,0,Spring
2022-04-17,215.39,26.3,Sunday,0,Spring
2022-04-18,197.23,23.3,Monday,0,Spring
2022-04-19,203.51,25.9,Tuesday,0,Spring
2022-04-20,178.22,26.3,Wednesday,0,Spring
2022-04-21,187.14,23.9,Thursday,0,Spring
2022-04-22,194.42,25.8,Friday,0,Spring
2022-04-23,190.0,24.0,Saturday,0,Spring
2022-04-24,184.41,26.4,Sunday,0,Spring
2022-04-25,190.87,21.6,Monday,0,Spring
2022-04-26,201.23,26.9,Tuesday,0,Spring
2022-04-27,199.69,16.5,Wednesday,0,Spring
2022-04-28,212.09,26.5,Thursday,0,Spring
2022-04-29,193.34,22.5,Friday,0,Spring
2022-04-30,184.3,20.1,Saturday,0,Spring
2022-05-01,190.49,17.9,Sunday,0,Spring
2022-05-02,187.85,26.2,Monday,0,Spring
2022-05-03,179.8,25.5,Tuesday,0,Spring
2022-05-04,211.33,22.5,Wednesday,0,Spring
2022-05-05,183.98,24.8,Thursday,0,Spring
2022-05-06,191.87,27.6,Friday,0,Spring
2022-05-07,185.84,18.4,Saturday,0,Spring
2022-05-08,194.79,19.1,Sunday,0,Spring
2022-05-09,191.17,21.9,Monday,0,Spring
2022-05-10,189.46,23.1,Tuesday,0,Spring
2022-05-11,181.66,18.8,Wednesday,0,Spring
2022-05-12,181.0,23.3,Thursday,0,Spring
2022-05-13,171.3,24.9,Friday,0,Spring
2022-05-14,177.18,29.6,Saturday,0,Spring
2022-05-15,187.99,17.7,Sunday,0,Spring
2022-05-16,166.69,23.4,Monday,0,Spring
2022-05-17,178.24,24.5,Tuesday,0,Spring
2022-05-18,178.01,17.1,Wednesday,0,Spring
2022-05-19,174.57,27.4,Thursday,0,Spring
2022-05-20,188.5,20.0,Friday,0,Spring
2022-05-21,198.95,19.4,Saturday,0,Spring
2022-05-22,186.4,22.0,Sunday,0,Spring
2022-05-23,197.02,20.5,Monday,0,Spring
2022-05-24,162.16,13.7,Tuesday,0,Spring
2022-05-25,179.22,21.9,Wednesday,0,Spring
2022-05-26,192.05,24.0,Thursday,0,Spring
2022-05-27,197.01,26.1,Friday,0,Spring
2022-05-28,174.64,24.5,Saturday,0,Spring
2022-05-29,194.37,21.5,Sunday,0,Spring
2022-05-30,190.71,18.7,Monday,0,Spring
2022-05-31,193.23,22.8,Tuesday,0,Spring
2022-06-01,177.65,17.1,Wednesday,0,Summer
2022-06-02,181.84,20.9,Thursday,0,Summer
2022-06-03,179.2,22.3,Friday,0,Summer
2022-06-04,161.31,17.3,Saturday,0,Summer
2022-06-05,168.15,20.5,Sunday,0,Summer
2022-06-06,180.59,22.0,Monday,0,Summer
2022-06-07,189.99,17.3,Tuesday,0,Summer
2022-06-08,170.09,17.8,Wednesday,0,Summer
2022-06-09,166.7,22.0,Thursday,0,Summer
2022-06-10,159.37,15.5,Friday,0,Summer
2022-06-11,173.89,19.2,Saturday,0,Summer
2022-06-12,185.64,24.6,Sunday,0,Summer
2022-06-13,181.13,13.5,Monday,0,Summer
2022-06-14,172.3,16.1,Tuesday,0,Summer
2022-06-15,168.04,20.7,Wednesday,0,Summer
2022-06-16,169.16,17.1,Thursday,0,Summer
2022-06-17,167.72,14.9,Friday,0,Summer
2022-06-18,146.07,15.8,Saturday,0,Summer
2022-06-19,172.64,12.2,Sunday,0,Summer
2022-06-20,170.94,22.6,Monday,0,Summer
2022-06-21,149.88,18.7,Tuesday,0,Summer
2022-06-22,165.78,14.6,Wednesday,0,Summer
2022-06-23,152.04,15.7,Thursday,0,Summer
2022-06-24,163.41,20.5,Friday,0,Summer
2022-06-25,157.39,14.4,Saturday,0,Summer
2022-06-26,134.52,23.0,Sunday,0,Summer
2022-06-27,147.56,12.0,Monday,0,Summer
2022-06-28,150.54,16.2,Tuesday,0,Summer
2022-06-29,148.11,15.5,Wednesday,0,Summer
2022-06-30,141.25,16.3,Thursday,0,Summer
2022-07-01,138.2,10.6,Friday,0,Summer
2022-07-02,153.28,14.3,Saturday,0,Summer
2022-07-03,161.67,21.1,Sunday,0,Summer
2022-07-04,160.81,13.8,Monday,0,Summer
2022-07-05,135.6,7.9,Tuesday,0,Summer
2022-07-06,147.59,12.9,Wednesday,0,Summer
2022-07-07,135.37,5.8,Thursday,0,Summer
2022-07-08,130.57,16.2,Friday,0,Summer
2022-07-09,161.24,17.8,Saturday,0,Summer
2022-07-10,148.02,13.9,Sunday,0,Summer
2022-07-11,146.95,14.0,Monday,0,Summer
2022-07-12,129.11,14.9,Tuesday,0,Summer
2022-07-13,143.11,16.9,Wednesday,0,Summer
2022-07-14,123.24,9.5,Thursday,0,Summer
2022-07-15,122.63,13.6,Friday,0,Summer
2022-07-16,130.3,10.1,Saturday,0,Summer
2022-07-17,137.38,12.0,Sunday,0,Summer
2022-07-18,141.11,11.3,Monday,0,Summer
2022-07-19,143.48,6.2,Tuesday,0,Summer
2022-07-20,123.91,10.4,Wednesday,0,Summer
2022-07-21,148.66,10.9,Thursday,0,Summer
2022-07-22,130.13,13.3,Friday,0,Summer
2022-07-23,141.81,10.8,Saturday,0,Summer
2022-07-24,144.32,8.4,Sunday,0,Summer
2022-07-25,127.54,16.4,Monday,0,Summer
2022-07-26,133.42,9.2,Tuesday,0,Summer
2022-07-27,134.76,9.6,Wednesday,0,Summer
2022-07-28,121.14,11.5,Thursday,0,Summer
2022-07-29,118.76,11.2,Friday,0,Summer
2022-07-30,110.49,10.4,Saturday,0,Summer
2022-07-31,115.8,6.0,Sunday,0,Summer
2022-08-01,141.85,9.8,Monday,0,Summer
2022-08-02,123.1,9.5,Tuesday,0,Summer
2022-08-03,127.18,10.0,Wednesday,0,Summer
2022-08-04,129.27,14.2,Thursday,0,Summer
2022-08-05,146.73,6.7,Friday,0,Summer
2022-08-06,130.09,6.8,Saturday,0,Summer
2022-08-07,115.97,5.7,Sunday,0,Summer
2022-08-08,125.58,10.6,Monday,0,Summer
2022-08-09,126.07,10.7,Tuesday,0,Summer
2022-08-10,133.39,8.0,Wednesday,0,Summer
2022-08-11,120.53,12.5,Thursday,0,Summer
2022-08-12,113.58,8.3,Friday,0,Summer
2022-08-13,126.35,7.9,Saturday,0,Summer
2022-08-14,109.32,9.7,Sunday,0,Summer
2022-08-15,109.73,6.6,Monday,0,Summer
2022-08-16,115.36,3.0,Tuesday,0,Summer
2022-08-17,108.1,10.3,Wednesday,0,Summer
2022-08-18,112.44,9.0,Thursday,0,Summer
2022-08-19,110.88,10.8,Friday,0,Summer
2022-08-20,100.4,9.5,Saturday,0,Summer
2022-08-21,116.33,9.1,Sunday,0,Summer
2022-08-22,115.16,13.0,Monday,0,Summer
2022-08-23,94.28,6.7,Tuesday,0,Summer
2022-08-24,87.63,8.3,Wednesday,0,Summer
2022-08-25,133.19,5.9,Thursday,0,Summer
2022-08-26,109.07,6.2,Friday,0,Summer
2022-08-27,126.84,10.6,Saturday,0,Summer
2022-08-28,120.15,7.3,Sunday,0,Summer
2022-08-29,120.67,6.0,Monday,0,Summer
2022-08-30,104.55,5.2,Tuesday,0,Summer
2022-08-31,94.47,3.1,Wednesday,0,Summer
2022-09-01,100.42,9.0,Thursday,0,Fall
2022-09-02,123.16,5.3,Friday,0,Fall
2022-09-03,114.3,3.0,Saturday,0,Fall
2022-09-04,106.2,4.7,Sunday,0,Fall
2022-09-05,105.66,1.7,Monday,0,Fall
2022-09-06,109.13,3.0,Tuesday,0,Fall
2022-09-07,120.86,9.0,Wednesday,0,Fall
2022-09-08,108.56,5.2,Thursday,0,Fall
2022-09-09,108.61,5.7,Friday,0,Fall
2022-09-10,98.25,8.7,Saturday,0,Fall
2022-09-11,100.44,1.8,Sunday,0,Fall
2022-09-12,129.11,4.3,Monday,0,Fall
2022-09-13,109.48,-0.8,Tuesday,0,Fall
2022-09-14,105.35,5.9,Wednesday,0,Fall
2022-09-15,121.71,4.1,Thursday,0,Fall
2022-09-16,100.97,5.2,Friday,0,Fall
2022-09-17,111.83,11.2,Saturday,0,Fall
2022-09-18,75.55,1.1,Sunday,0,Fall
2022-09-19,100.36,2.0,Monday,0,Fall
2022-09-20,100.64,4.5,Tuesday,0,Fall
2022-09-21,115.36,2.1,Wednesday,0,Fall
2022-09-22,102.69,2.9,Thursday,0,Fall
2022-09-23,100.87,4.1,Friday,0,Fall
2022-09-24,86.96,6.8,Saturday,0,Fall
2022-09-25,89.13,5.3,Sunday,0,Fall
2022-09-26,102.64,-0.5,Monday,0,Fall
2022-09-27,93.44,2.2,Tuesday,0,Fall
2022-09-28,92.62,7.8,Wednesday,0,Fall
2022-09-29,92.0,7.1,Thursday,0,Fall
2022-09-30,100.68,9.3,Friday,0,Fall
2022-10-01,98.06,7.4,Saturday,0,Fall
2022-10-02,96.76,1.1,Sunday,0,Fall
2022-10-03,105.6,3.1,Monday,0,Fall
2022-10-04,116.29,3.2,Tuesday,0,Fall
2022-10-05,101.39,-0.8,Wednesday,0,Fall
2022-10-06,97.75,4.4,Thursday,0,Fall
2022-10-07,82.2,6.0,Friday,0,Fall
2022-10-08,104.97,-0.5,Saturday,0,Fall
2022-10-09,89.64,5.7,Sunday,0,Fall
2022-10-10,87.21,4.8,Monday,0,Fall
2022-10-11,94.68,4.8,Tuesday,0,Fall
2022-10-12,116.1,10.7,Wednesday,0,Fall
2022-10-13,96.05,6.0,Thursday,0,Fall
2022-10-14,99.56,4.6,Friday,0,Fall
2022-10-15,107.51,5.8,Saturday,0,Fall
2022-10-16,94.19,2.8,Sunday,0,Fall
2022-10-17,127.99,7.5,Monday,0,Fall
2022-10-18,89.81,2.4,Tuesday,0,Fall
2022-10-19,95.93,7.4,Wednesday,0,Fall
2022-10-20,101.6,7.2,Thursday,0,Fall
2022-10-21,98.35,4.5,Friday,0,Fall
2022-10-22,114.17,1.0,Saturday,0,Fall
2022-10-23,107.67,6.7,Sunday,0,Fall
2022-10-24,96.4,7.0,Monday,0,Fall
2022-10-25,103.9,7.3,Tuesday,0,Fall
2022-10-26,99.51,4.7,Wednesday,0,Fall
2022-10-27,102.04,2.3,Thursday,0,Fall
2022-10-28,99.75,6.2,Friday,0,Fall
2022-10-29,116.08,10.0,Saturday,0,Fall
2022-10-30,123.79,9.5,Sunday,0,Fall
2022-10-31,112.84,4.2,Monday,0,Fall
2022-11-01,120.3,6.7,Tuesday,0,Fall
2022-11-02,123.09,4.7,Wednesday,0,Fall
2022-11-03,103.74,6.2,Thursday,0,Fall
2022-11-04,101.71,3.3,Friday,0,Fall
2022-11-05,86.36,7.6,Saturday,0,Fall
2022-11-06,109.49,13.8,Sunday,0,Fall
2022-11-07,113.98,8.4,Monday,0,Fall
2022-11-08,117.81,0.2,Tuesday,0,Fall
2022-11-09,119.43,12.0,Wednesday,0,Fall
2022-11-10,99.3,6.2,Thursday,0,Fall
2022-11-11,106.94,7.0,Friday,0,Fall
2022-11-12,107.87,7.6,Saturday,0,Fall
2022-11-13,101.03,15.4,Sunday,0,Fall
2022-11-14,110.8,3.8,Monday,0,Fall
2022-11-15,118.92,7.0,Tuesday,0,Fall
2022-11-16,123.04,7.8,Wednesday,0,Fall
2022-11-17,117.76,6.0,Thursday,0,Fall
2022-11-18,114.3,10.6,Friday,0,Fall
2022-11-19,119.52,6.5,Saturday,0,Fall
2022-11-20,105.94,8.0,Sunday,0,Fall
2022-11-21,121.71,7.6,Monday,0,Fall
2022-11-22,131.21,12.6,Tuesday,0,Fall
2022-11-23,137.17,9.7,Wednesday,0,Fall
2022-11-24,106.1,7.5,Thursday,0,Fall
2022-11-25,117.78,10.2,Friday,0,Fall
2022-11-26,127.81,8.6,Saturday,0,Fall
2022-11-27,123.38,6.4,Sunday,0,Fall
2022-11-28,128.02,10.1,Monday,0,Fall
2022-11-29,138.08,12.2,Tuesday,0,Fall
2022-11-30,131.5,13.6,Wednesday,0,Fall
2022-12-01,141.58,11.5,Thursday,0,Winter
2022-12-02,134.22,10.9,Friday,0,Winter
2022-12-03,129.88,9.3,Saturday,0,Winter
2022-12-04,134.32,6.4,Sunday,0,Winter
2022-12-05,137.81,11.5,Monday,0,Winter
2022-12-06,109.9,7.2,Tuesday,0,Winter
2022-12-07,136.66,11.6,Wednesday,0,Winter
2022-12-08,112.16,13.9,Thursday,0,Winter
2022-12-09,140.39,13.6,Friday,0,Winter
2022-12-10,134.41,8.3,Saturday,0,Winter
2022-12-11,122.79,8.8,Sunday,0,Winter
2022-12-12,126.7,11.1,Monday,0,Winter
2022-12-13,141.3,13.7,Tuesday,0,Winter
2022-12-14,121.0,10.6,Wednesday,0,Winter
2022-12-15,132.74,13.6,Thursday,0,Winter
2022-12-16,135.45,15.7,Friday,0,Winter
2022-12-17,128.76,8.0,Saturday,0,Winter
2022-12-18,148.8,12.5,Sunday,0,Winter
2022-12-19,145.65,9.7,Monday,0,Winter
2022-12-20,149.47,13.2,Tuesday,0,Winter
2022-12-21,142.34,15.8,Wednesday,0,Winter
2022-12-22,138.72,11.1,Thursday,0,Winter
2022-12-23,149.66,18.5,Friday,0,Winter
2022-12-24,156.61,13.9,Saturday,0,Winter
2022-12-25,142.96,16.2,Sunday,1,Winter
2022-12-26,138.67,15.8,Monday,0,Winter
2022-12-27,149.03,19.2,Tuesday,0,Winter
2022-12-28,150.21,16.7,Wednesday,0,Winter
2022-12-29,155.08,8.4,Thursday,0,Winter
2022-12-30,171.34,11.7,Friday,0,Winter
2022-12-31,141.11,15.4,Saturday,0,Winter
2023-01-01,154.38906392584494,15.12790899260726,Sunday,1,Winter
2023-01-02,138.25196410071035,19.87588149752862,Monday,0,Winter
2023-01-03,158.7525974694331,10.281702120388058,Tuesday,0,Winter
2023-01-04,168.58968314593025,17.18493545614012,Wednesday,0,Winter
2023-01-05,163.73218894436727,12.481858826991342,Thursday,0,Winter
2023-01-06,157.63607789516337,20.431843866507766,Friday,0,Winter
2023-01-07,173.9485543300633,10.65905692216477,Saturday,1,Winter
2023-01-08,154.31843599353866,17.118051325865046,Sunday,1,Winter
2023-01-09,190.1010420904694,19.038896108071796,Monday,0,Winter
2023-01-10,164.93658527690212,18.437206301941956,Tuesday,0,Winter
2023-01-11,164.12691717118878,8.359529552575209,Wednesday,0,Winter
2023-01-12,161.09581445896674,6.598351939450959,Thursday,0,Winter
2023-01-13,162.11823085406152,15.332755466223485,Friday,0,Winter
2023-01-14,155.58671665272237,17.06469039300256,Saturday,1,Winter
2023-01-15,165.08918231035128,5.573470917955129,Sunday,1,Winter
2023-01-16,169.73295527212684,12.83377343472497,Monday,0,Winter
2023-01-17,162.48993171423245,12.500711218169464,Tuesday,0,Winter
2023-01-18,149.04812521499593,10.488660324811326,Wednesday,0,Winter
2023-01-19,158.45105389144885,15.94401518045504,Thursday,0,Winter
2023-01-20,155.54001692899914,14.248117539530131,Friday,0,Winter
2023-01-21,144.66235706984594,23.00538568520909,Saturday,1,Winter
2023-01-22,139.2500344498455,22.47785827059566,Sunday,1,Winter
2023-01-23,150.38977537113104,9.573137971758706,Monday,0,Winter
2023-01-24,146.16488660414078,17.656647349676778,Tuesday,0,Winter
2023-01-25,151.7027207708199,5.284602201133838,Wednesday,0,Winter
2023-01-26,148.92068098983108,15.72228650819886,Thursday,0,Winter
2023-01-27,161.2406080171823,18.477078969948064,Friday,0,Winter
2023-01-28,166.04434361070113,9.409834806251581,Saturday,1,Winter
2023-01-29,162.54486980105813,20.118158602605334,Sunday,1,Winter
2023-01-30,163.925629055728,11.4209396665697,Monday,0,Winter
2023-01-31,179.86557685697736,18.730836044361208,Tuesday,0,Winter
2023-02-01,156.49406097616196,20.218610134686507,Wednesday,0,Winter
2023-02-02,171.12006289213164,20.634810640201636,Thursday,0,Winter
2023-02-03,155.73027655713133,21.669753583659247,Friday,0,Winter
2023-02-04,150.55448254643602,18.01903925357909,Saturday,1,Winter
2023-02-05,135.91440713928276,21.579438330514296,Sunday,1,Winter
2023-02-06,150.427203238913,14.998993761693729,Monday,0,Winter
2023-02-07,158.9452005143613,7.833976538630731,Tuesday,0,Winter
2023-02-08,155.02672400421525,8.83135518013069,Wednesday,0,Winter
2023-02-09,168.75875763678357,14.760286970649352,Thursday,0,Winter
2023-02-10,182.71493490730754,21.274855126921633,Friday,0,Winter
2023-02-11,152.06670046618632,18.26594818968108,Saturday,1,Winter
2023-02-12,165.14697392970834,21.779573457055,Sunday,1,Winter
2023-02-13,157.77074150845542,24.15387285042901,Monday,0,Winter
2023-02-14,150.42844235410706,21.70047255875285,Tuesday,0,Winter
2023-02-15,174.53116606328663,19.336746880190393,Wednesday,0,Winter
2023-02-16,151.98991088155614,12.334252230144843,Thursday,0,Winter
2023-02-17,145.79148290971955,17.051111491108635,Friday,0,Winter
2023-02-18,178.28266998765002,21.798489066967335,Saturday,1,Winter
2023-02-19,157.8927128859445,8.216964508588834,Sunday,1,Winter
2023-02-20,162.91248750113925,13.461878016223913,Monday,0,Winter
2023-02-21,150.90165386375267,25.160452868747853,Tuesday,0,Winter
2023-02-22,141.74617366818012,16.45860471191279,Wednesday,0,Winter
2023-02-23,154.17219579957384,14.312850946370494,Thursday,0,Winter
2023-02-24,158.4456600049211,15.96551776279925,Friday,0,Winter
2023-02-25,173.0363809897466,19.91574785950062,Saturday,1,Winter
2023-02-26,159.36559842714192,14.348409528281493,Sunday,1,Winter
2023-02-27,162.3654691903824,23.566590506493743,Monday,0,Winter
2023-02-28,171.017599830246,12.734109945225086,Tuesday,0,Winter
2023-03-01,192.97681611098346,32.656352215960055,Wednesday,0,Spring
2023-03-02,196.9683405702035,25.584586423363014,Thursday,0,Spring
2023-03-03,192.9525122054691,22.21036368602331,Friday,0,Spring
2023-03-04,202.52677787113035,23.127180457264323,Saturday,1,Spring
2023-03-05,206.55938069660863,22.435122137190625,Sunday,1,Spring
2023-03-06,186.10080712292861,27.337829100679148,Monday,0,Spring
2023-03-07,198.8946884776543,21.270602659145837,Tuesday,0,Spring
2023-03-08,202.3282287795659,21.12730035750145,Wednesday,0,Spring
2023-03-09,185.0208962398066,20.419978407290202,Thursday,0,Spring
2023-03-10,195.73524957985626,18.161812971659934,Friday,0,Spring
2023-03-11,181.38014738679158,14.278323859759798,Saturday,1,Spring
2023-03-12,185.5785521273682,29.59254286138793,Sunday,1,Spring
2023-03-13,208.69558511067785,20.745343292210723,Monday,0,Spring
2023-03-14,203.25244886839104,16.956680326714576,Tuesday,0,Spring
2023-03-15,196.04231427480227,15.043094711607031,Wednesday,0,Spring
2023-03-16,202.9932471957468,14.42090882152302,Thursday,0,Spring
2023-03-17,181.2968078773817,16.100125632954924,Friday,0,Spring
2023-03-18,203.93427435980783,26.446861619977376,Saturday,1,Spring
2023-03-19,182.7473970186158,29.313652861251132,Sunday,1,Spring
2023-03-20,197.2710216605975,24.087455767530482,Monday,0,Spring
2023-03-21,208.37008318895872,27.417965208021805,Tuesday,0,Spring
2023-03-22,196.0826447462457,29.8360992288247,Wednesday,0,Spring
2023-03-23,198.32345167566962,24.787427217769984,Thursday,0,Spring
2023-03-24,192.5713522688759,26.244750848065586,Friday,0,Spring
2023-03-25,185.43916531616605,20.904225002944077,Saturday,1,Spring
2023-03-26,192.3388317781069,21.884544195222304,Sunday,1,Spring
2023-03-27,191.05066780974977,15.627916043920273,Monday,0,Spring
2023-03-28,217.42556330324965,24.112479777734876,Tuesday,0,Spring
2023-03-29,202.0705635749973,29.596960831697032,Wednesday,0,Spring
2023-03-30,190.16134564662818,23.41166044187897,Thursday,0,Spring
2023-03-31,179.07923284977775,27.4960594620504,Friday,0,Spring
2023-04-01,189.4303620892546,26.84673125822465,Saturday,1,Spring
2023-04-02,196.92508555428452,23.519639158028845,Sunday,1,Spring
2023-04-03,210.11234774484976,23.201659612615273,Monday,0,Spring
2023-04-04,186.5820200038735,22.820106746948543,Tuesday,0,Spring
2023-04-05,193.39162060186797,29.97504472830186,Wednesday,0,Spring
2023-04-06,185.03707630181918,28.56272444531535,Thursday,0,Spring
2023-04-07,179.28947702263483,23.287457457914627,Friday,0,Spring
2023-04-08,186.05060089188177,28.94031412535964,Saturday,1,Spring
2023-04-09,180.12748637059266,20.288546146687445,Sunday,1,Spring
2023-04-10,195.23326452368855,26.476130803072643,Monday,0,Spring
2023-04-11,191.27070399835048,24.883127732111365,Tuesday,0,Spring
2023-04-12,203.93215675210766,23.78451397400528,Wednesday,0,Spring
2023-04-13,191.68666332098604,24.032543703387574,Thursday,0,Spring
2023-04-14,201.51178258661452,26.927234344698924,Friday,0,Spring
2023-04-15,198.8856875060169,24.588429016170313,Saturday,1,Spring
2023-04-16,178.46181072541899,29.452246088114485,Sunday,1,Spring
2023-04-17,219.53762967542326,17.71356468571446,Monday,0,Spring
2023-04-18,189.95937402155684,14.242679747329202,Tuesday,0,Spring
2023-04-19,193.82877892179917,19.792779759936348,Wednesday,0,Spring
2023-04-20,193.3038752953001,13.757574345455879,Thursday,0,Spring
2023-04-21,185.47940416954717,16.774682438430034,Friday,0,Spring
2023-04-22,194.90533566347528,27.985583996554972,Saturday,1,Spring
2023-04-23,202.46708389621466,22.009864033375592,Sunday,1,Spring
2023-04-24,199.01929765852,26.65393543291433,Monday,0,Spring
2023-04-25,207.6265503677361,25.195432857439496,Tuesday,0,Spring
2023-04-26,197.27361819523932,23.744439692475506,Wednesday,0,Spring
2023-04-27,200.59216777823895,27.70467526985443,Thursday,0,Spring
2023-04-28,217.10467828172773,30.66416664593762,Friday,0,Spring
2023-04-29,183.4956603903658,23.732151490105974,Saturday,1,Spring
2023-04-30,190.2969970835244,28.738653065618706,Sunday,1,Spring
2023-05-01,195.75459205868498,30.913028223270707,Monday,0,Spring
2023-05-02,196.3927743555295,25.471541169152115,Tuesday,0,Spring
2023-05-03,188.30554819067396,25.68585370130982,Wednesday,0,Spring
2023-05-04,195.86566857561195,23.945090239185088,Thursday,0,Spring
2023-05-05,197.0802177551636,19.93496001418162,Friday,0,Spring
2023-05-06,186.62673086139498,17.534191975441928,Saturday,1,Spring
2023-05-07,189.95331488283352,19.318993684135634,Sunday,1,Spring
2023-05-08,194.6182354594806,14.725743047417327,Monday,0,Spring
2023-05-09,203.13447112260914,21.468697693878088,Tuesday,0,Spring
2023-05-10,186.6756110828007,24.94002907031697,Wednesday,0,Spring
2023-05-11,186.585202817549,18.52911951234001,Thursday,0,Spring
2023-05-12,175.88267419834747,22.629576988499245,Friday,0,Spring
2023-05-13,202.10894799194278,14.277415105125026,Saturday,1,Spring
2023-05-14,187.92401243657994,30.781545410092278,Sunday,1,Spring
2023-05-15,182.7744829849392,24.134873548788736,Monday,0,Spring
2023-05-16,202.35251800414466,32.3378214748843,Tuesday,0,Spring
2023-05-17,178.29865017324906,26.199037808724327,Wednesday,0,Spring
2023-05-18,192.60829319677032,15.486049537111509,Thursday,0,Spring
2023-05-19,194.55678385409436,23.785973909599498,Friday,0,Spring
2023-05-20,188.07982144502515,28.832890583248428,Saturday,1,Spring
2023-05-21,198.53371254439392,24.12870821210016,Sunday,1,Spring
2023-05-22,181.32229820081443,18.136393712958338,Monday,0,Spring
2023-05-23,194.3917528664009,13.007317587490116,Tuesday,0,Spring
2023-05-24,197.40677875124493,26.918890933545214,Wednesday,0,Spring
2023-05-25,196.5810216595256,28.70395866555596,Thursday,0,Spring
2023-05-26,189.8728820862959,19.771373261161443,Friday,0,Spring
2023-05-27,203.75101532696812,16.73220169132285,Saturday,1,Spring
2023-05-28,181.337078676663,31.826058129644437,Sunday,1,Spring
2023-05-29,195.80496650268336,15.598366228838056,Monday,0,Spring
2023-05-30,213.52327633948505,20.997221441459352,Tuesday,0,Spring
2023-05-31,201.47998375411254,23.394499694947754,Wednesday,0,Spring
2023-06-01,130.0428238398191,14.945684198476643,Thursday,0,Summer
2023-06-02,122.112259479681,9.956589856731828,Friday,0,Summer
2023-06-03,133.44788122326528,15.697850528355346,Saturday,1,Summer
2023-06-04,140.47969619970863,16.8334934372485,Sunday,1,Summer
2023-06-05,133.78893310697327,11.575428373261962,Monday,0,Summer
2023-06-06,129.71417648062598,12.529453505763458,Tuesday,0,Summer
2023-06-07,146.90566234069044,12.768277848098627,Wednesday,0,Summer
2023-06-08,151.74954336638092,9.712453588114254,Thursday,0,Summer
2023-06-09,134.3760241790192,12.007878377511139,Friday,0,Summer
2023-06-10,129.13549124970072,9.432843720236157,Saturday,1,Summer
2023-06-11,144.39741168052305,3.8009747054818597,Sunday,1,Summer
2023-06-12,125.20114258407615,14.989173608212075,Monday,0,Summer
2023-06-13,141.79584246246446,14.338298758054181,Tuesday,0,Summer
2023-06-14,154.48548107543226,14.537893285068549,Wednesday,0,Summer
2023-06-15,129.92096596088763,7.998350850868433,Thursday,0,Summer
2023-06-16,110.11254469798739,5.853608594443621,Friday,0,Summer
2023-06-17,158.70686980683902,19.88255233069208,Saturday,1,Summer
2023-06-18,145.97272058069595,16.881416821423905,Sunday,1,Summer
2023-06-19,148.31596095138207,15.033579487673858,Monday,0,Summer
2023-06-20,148.2119346696204,12.029755080307126,Tuesday,0,Summer
2023-06-21,140.35561082733793,9.525707290647983,Wednesday,0,Summer
2023-06-22,139.4564481215881,18.794642840306697,Thursday,0,Summer
2023-06-23,152.41236857953996,10.360360514720591,Friday,0,Summer
2023-06-24,138.80438778387332,11.882268708665963,Saturday,1,Summer
2023-06-25,126.113422901076,15.502897837171975,Sunday,1,Summer
2023-06-26,136.51167062277213,12.499188416147886,Monday,0,Summer
2023-06-27,137.151431867861,15.5149262138484,Tuesday,0,Summer
2023-06-28,134.00934695999874,14.635324070432587,Wednesday,0,Summer
2023-06-29,154.75903657025552,20.19082408339692,Thursday,0,Summer
2023-06-30,130.4005082092841,17.26173115835395,Friday,0,Summer
2023-07-01,141.900631106072,11.327147774829687,Saturday,1,Summer
2023-07-02,137.662788534259,21.516187241744145,Sunday,1,Summer
2023-07-03,153.34149825293963,8.28654619987504,Monday,0,Summer
2023-07-04,149.19391192815743,8.414157089322835,Tuesday,0,Summer
2023-07-05,149.2358827916585,11.596651483771518,Wednesday,0,Summer
2023-07-06,142.16534031740568,15.161592653481675,Thursday,0,Summer
2023-07-07,145.981163978889,8.758333526528606,Friday,0,Summer
2023-07-08,137.72461402407467,10.669835067321037,Saturday,1,Summer
2023-07-09,129.02169859565032,21.335961148139948,Sunday,1,Summer
2023-07-10,145.9441243673841,12.816861473179955,Monday,0,Summer
2023-07-11,154.9146087488419,7.48798835246218,Tuesday,0,Summer
2023-07-12,122.29856464624793,15.2883027600753,Wednesday,0,Summer
2023-07-13,145.9393182669093,15.59426424009679,Thursday,0,Summer
2023-07-14,132.85767898681138,14.58986727673673,Friday,0,Summer
2023-07-15,136.76836120157142,12.262957782786673,Saturday,1,Summer
2023-07-16,132.61994784237854,12.622549836903893,Sunday,1,Summer
2023-07-17,125.74875755858389,14.50133405602635,Monday,0,Summer
2023-07-18,141.5581010869043,8.661467917291521,Tuesday,0,Summer
2023-07-19,126.95212761413792,7.129211818736987,Wednesday,0,Summer
2023-07-20,142.0111417230364,10.383933121571497,Thursday,0,Summer
2023-07-21,121.30274834782381,19.390157453602683,Friday,0,Summer
2023-07-22,143.08165896375633,11.431652973751344,Saturday,1,Summer
2023-07-23,136.91602011513038,24.518907799713595,Sunday,1,Summer
2023-07-24,122.16228721902588,4.9451839747382875,Monday,0,Summer
2023-07-25,138.63926446053668,9.676498894060806,Tuesday,0,Summer
2023-07-26,127.64567993551942,10.520749790920906,Wednesday,0,Summer
2023-07-27,142.02173345939096,9.725425393180322,Thursday,0,Summer
2023-07-28,171.9855837198043,18.0789112868814,Friday,0,Summer
2023-07-29,136.13883547896162,19.427484261357527,Saturday,1,Summer
2023-07-30,152.1542486181671,14.039109077423868,Sunday,1,Summer
2023-07-31,122.83999941429741,11.199874025333862,Monday,0,Summer
2023-08-01,146.12719329562225,11.28855921167486,Tuesday,0,Summer
2023-08-02,145.2986593339959,15.111158843076058,Wednesday,0,Summer
2023-08-03,133.61336147435995,6.614948646800636,Thursday,0,Summer
2023-08-04,152.93554947004762,18.23284489952695,Friday,0,Summer
2023-08-05,148.58793510051757,13.350757234338182,Saturday,1,Summer
2023-08-06,149.91567098325797,16.81584939379001,Sunday,1,Summer
2023-08-07,145.97287727253,7.547248023774735,Monday,0,Summer
2023-08-08,128.1264552893809,13.351134214255397,Tuesday,0,Summer
2023-08-09,148.1456642788914,14.106653925294028,Wednesday,0,Summer
2023-08-10,155.8274629372025,6.263639818808372,Thursday,0,Summer
2023-08-11,132.48632105364618,5.103026756134886,Friday,0,Summer
2023-08-12,142.598391673081,16.239793539957418,Saturday,1,Summer
2023-08-13,139.16077367744396,7.0200555262065825,Sunday,1,Summer
2023-08-14,149.15692976028217,11.77331145851915,Monday,0,Summer
2023-08-15,141.50406068181144,4.737136289283857,Tuesday,0,Summer
2023-08-16,133.0118394336285,16.360799121507295,Wednesday,0,Summer
2023-08-17,152.02406814280405,16.02546515249276,Thursday,0,Summer
2023-08-18,132.15824087509142,19.313367749689213,Friday,0,Summer
2023-08-19,120.57727910094704,16.80119044392586,Saturday,1,Summer
2023-08-20,149.04091595410992,12.879738499316197,Sunday,1,Summer
2023-08-21,148.95126133530138,18.463461604627465,Monday,0,Summer
2023-08-22,144.34378896694133,23.751223581352562,Tuesday,0,Summer
2023-08-23,121.40710495920706,18.26705732038438,Wednesday,0,Summer
2023-08-24,130.8103474113364,10.880896965847151,Thursday,0,Summer
2023-08-25,128.3874102256736,7.244669582922427,Friday,0,Summer
2023-08-26,145.14034686653952,3.0926860818207107,Saturday,1,Summer
2023-08-27,137.99972521357515,11.303190625711077,Sunday,1,Summer
2023-08-28,123.75327089115378,15.527786044207033,Monday,0,Summer
2023-08-29,132.77028567393637,6.539837239990294,Tuesday,0,Summer
2023-08-30,148.88705591291338,12.284663512684121,Wednesday,0,Summer
2023-08-31,131.78778565393338,8.510403974896459,Thursday,0,Summer
2023-09-01,111.21108732222946,6.4617404886541125,Friday,0,Fall
2023-09-02,95.09243870882459,-1.0850755173722435,Saturday,1,Fall
2023-09-03,110.91456623675752,9.349049873942889,Sunday,1,Fall
2023-09-04,113.11065958179296,7.283156945749516,Monday,0,Fall
2023-09-05,108.33643714350877,2.171277559477561,Tuesday,0,Fall
2023-09-06,97.97755076907036,8.376718651247316,Wednesday,0,Fall
2023-09-07,103.43264660382417,9.859159106128251,Thursday,0,Fall
2023-09-08,111.78631201928843,-0.9162027973875535,Friday,0,Fall
2023-09-09,101.79457569450378,10.010606871093245,Saturday,1,Fall
2023-09-10,106.22756292692463,-1.0142040199108617,Sunday,1,Fall
2023-09-11,122.70743084924626,3.419629871315501,Monday,0,Fall
2023-09-12,100.77297842600169,7.162460638325268,Tuesday,0,Fall
2023-09-13,109.8337551909832,0.2610200993830807,Wednesday,0,Fall
2023-09-14,97.19436548330785,5.677196905153561,Thursday,0,Fall
2023-09-15,104.37923306454309,8.73724740247766,Friday,0,Fall
2023-09-16,108.77016189492781,2.5943141760753523,Saturday,1,Fall
2023-09-17,109.01807575912134,4.458839651851072,Sunday,1,Fall
2023-09-18,119.49237438744163,2.2570954712606963,Monday,0,Fall
2023-09-19,109.14664142531771,-4.368336234238786,Tuesday,0,Fall
2023-09-20,104.30379240801295,8.649833755225984,Wednesday,0,Fall
2023-09-21,90.93177548091784,4.769497466652442,Thursday,0,Fall
2023-09-22,107.17936434266106,2.8443395710220307,Friday,0,Fall
2023-09-23,118.51776946181862,7.162108674825421,Saturday,1,Fall
2023-09-24,106.76795277042021,4.880715585503692,Sunday,1,Fall
2023-09-25,110.55068995853463,4.7010600025772025,Monday,0,Fall
2023-09-26,97.05614733915952,9.298778399060254,Tuesday,0,Fall
2023-09-27,110.32045339393595,-2.5375692738919433,Wednesday,0,Fall
2023-09-28,86.75669302208952,2.369867138329377,Thursday,0,Fall
2023-09-29,108.93093277425973,17.454030363019193,Friday,0,Fall
2023-09-30,108.97288952884483,7.931967032728333,Saturday,1,Fall
2023-10-01,94.24758320381214,6.294277141007911,Sunday,1,Fall
2023-10-02,116.18702674008804,12.113814704582678,Monday,0,Fall
2023-10-03,94.65896313891872,11.325149353921134,Tuesday,0,Fall
2023-10-04,115.55049814631386,-2.312053072230695,Wednesday,0,Fall
2023-10-05,113.18885481900098,9.549634763776096,Thursday,0,Fall
2023-10-06,105.01979979105272,5.315885248561295,Friday,0,Fall
2023-10-07,111.03870170569635,3.520101945441809,Saturday,1,Fall
2023-10-08,108.37088633474038,9.358071904936084,Sunday,1,Fall
2023-10-09,114.10754112639266,3.349923045493055,Monday,0,Fall
2023-10-10,108.75840768802405,9.011004731956648,Tuesday,0,Fall
2023-10-11,102.53168950469124,3.8684055789685345,Wednesday,0,Fall
2023-10-12,103.17405584087035,11.62614444723611,Thursday,0,Fall
2023-10-13,108.3647049380348,10.345640313058716,Friday,0,Fall
2023-10-14,122.54494792628138,10.926017216018128,Saturday,1,Fall
2023-10-15,106.63339561501515,3.5507764443716487,Sunday,1,Fall
2023-10-16,93.98581296255283,8.533573310797204,Monday,0,Fall
2023-10-17,110.87188963951168,-2.712103213147932,Tuesday,0,Fall
2023-10-18,92.28302887748637,5.837405071176295,Wednesday,0,Fall
2023-10-19,111.31181788252785,11.84546335661114,Thursday,0,Fall
2023-10-20,101.86567297270247,-1.8169298679521892,Friday,0,Fall
2023-10-21,118.78845825245166,10.3273773641708,Saturday,1,Fall
2023-10-22,111.5809814236485,-1.9434579620752546,Sunday,1,Fall
2023-10-23,104.3423169235696,5.6340777237504325,Monday,0,Fall
2023-10-24,107.62079094466372,11.924825522976796,Tuesday,0,Fall
2023-10-25,118.78459840143171,-4.651954628683027,Wednesday,0,Fall
2023-10-26,97.93420663272839,17.48507769287682,Thursday,0,Fall
2023-10-27,95.85728455606403,9.961532389517236,Friday,0,Fall
2023-10-28,109.52440859086757,5.59850696423638,Saturday,1,Fall
2023-10-29,112.91117884381315,3.2689826013316368,Sunday,1,Fall
2023-10-30,106.25236823205455,2.63764306440714,Monday,0,Fall
2023-10-31,114.10837260128812,0.8280964263905961,Tuesday,0,Fall
2023-11-01,103.57818542824664,5.235960815872912,Wednesday,0,Fall
2023-11-02,104.26105427102898,14.51268799693091,Thursday,0,Fall
2023-11-03,106.42115476839,1.4318147522116709,Friday,0,Fall
2023-11-04,121.91686950243088,12.030541551110508,Saturday,1,Fall
2023-11-05,110.10283932504153,8.234258564095454,Sunday,1,Fall
2023-11-06,101.15750598591707,8.620384462052801,Monday,0,Fall
2023-11-07,106.12221418894451,8.308248683689607,Tuesday,0,Fall
2023-11-08,100.6812026217328,13.126494255360297,Wednesday,0,Fall
2023-11-09,117.97300940390764,4.7056660693169725,Thursday,0,Fall
2023-11-10,117.00765987458774,4.537054874398693,Friday,0,Fall
2023-11-11,102.22313484936842,-0.8196956316613031,Saturday,1,Fall
2023-11-12,111.41990661415988,7.706100687183997,Sunday,1,Fall
2023-11-13,93.82588609138712,11.418537557567825,Monday,0,Fall
2023-11-14,131.46101654043596,7.959266469615974,Tuesday,0,Fall
2023-11-15,123.38414199353038,-0.13569183356776549,Wednesday,0,Fall
2023-11-16,91.48907905384905,3.6536815591088274,Thursday,0,Fall
2023-11-17,98.74585687687969,9.563235184918767,Friday,0,Fall
2023-11-18,89.71712549248217,11.122251612503106,Saturday,1,Fall
2023-11-19,92.96088850278576,3.875169073960379,Sunday,1,Fall
2023-11-20,127.69124796688595,6.325051089842363,Monday,0,Fall
2023-11-21,129.72094310410918,6.223952484460973,Tuesday,0,Fall
2023-11-22,111.50433869987567,15.91125623638434,Wednesday,0,Fall
2023-11-23,110.59287795679506,3.498086587949297,Thursday,0,Fall
2023-11-24,116.0482997309668,4.695963128636499,Friday,0,Fall
2023-11-25,116.21072933929062,6.568533175345303,Saturday,1,Fall
2023-11-26,86.07878520595412,7.7101292294271415,Sunday,1,Fall
2023-11-27,88.70407723713583,12.010132283631295,Monday,0,Fall
2023-11-28,117.66715527224716,13.824892723692477,Tuesday,0,Fall
2023-11-29,94.92038302208879,-0.5619734036433197,Wednesday,0,Fall
2023-11-30,109.15202765267611,-3.9010361265319204,Thursday,0,Fall
2023-12-01,147.9599545143495,16.45419730743692,Friday,0,Winter
2023-12-02,178.5727075866602,19.27538268986043,Saturday,1,Winter
2023-12-03,150.9588143073611,19.319918115877503,Sunday,1,Winter
2023-12-04,147.9433198622778,17.81162818487324,Monday,0,Winter
2023-12-05,151.3789594919134,16.579861098293406,Tuesday,0,Winter
2023-12-06,176.42803906989084,28.681001704298104,Wednesday,0,Winter
2023-12-07,153.53248954010894,13.977225868205105,Thursday,0,Winter
2023-12-08,168.52374815664086,16.773886158890843,Friday,0,Winter
2023-12-09,172.73143502627485,9.202734350807098,Saturday,1,Winter
2023-12-10,157.7156044634242,19.313942074719694,Sunday,1,Winter
2023-12-11,160.6435618111279,9.135531685859998,Monday,0,Winter
2023-12-12,166.91954006144437,17.261934878546587,Tuesday,0,Winter
2023-12-13,154.19371196447514,16.187812336610907,Wednesday,0,Winter
2023-12-14,153.18535342085758,18.338480241855642,Thursday,0,Winter
2023-12-15,146.65555814573878,13.13116167690227,Friday,0,Winter
2023-12-16,146.22708001176156,18.040320625290917,Saturday,1,Winter
2023-12-17,153.46479537060785,22.870191490910003,Sunday,1,Winter
2023-12-18,162.42670449067484,18.471838137530025,Monday,0,Winter
2023-12-19,152.75986723904322,13.205570582341997,Tuesday,0,Winter
2023-12-20,159.11817463948825,15.61078127771147,Wednesday,0,Winter
2023-12-21,172.0507276218967,15.822116780498938,Thursday,0,Winter
2023-12-22,159.15669462940497,22.340279418227734,Friday,0,Winter
2023-12-23,163.46706790307522,16.88053030888548,Saturday,1,Winter
2023-12-24,155.70939473494084,10.099294080638103,Sunday,1,Winter
2023-12-25,164.94114860311373,16.83045401443292,Monday,0,Winter
2023-12-26,148.97593293168012,16.85696968802559,Tuesday,0,Winter
2023-12-27,157.96797726023595,10.537723710371026,Wednesday,0,Winter
2023-12-28,171.63894943556377,16.55318553541581,Thursday,0,Winter
2023-12-29,172.8794382131521,11.380901830965986,Friday,0,Winter
2023-12-30,162.35043297247674,22.59902633666324,Saturday,1,Winter
2023-12-31,159.89714109823836,16.514875092645326,Sunday,1,Winter
2024-01-01,157.05400626120394,8.162165757565976,Monday,0,Winter
2024-01-02,152.65397620060025,16.666473750282744,Tuesday,0,Winter
2024-01-03,179.21964762310574,14.373323968516743,Wednesday,0,Winter
2024-01-04,163.6547438946957,23.65222209737311,Thursday,0,Winter
2024-01-05,150.47514327256803,20.69225295494831,Friday,0,Winter
2024-01-06,164.0459164084423,15.433248627380975,Saturday,1,Winter
2024-01-07,165.56425390223234,15.941328093330041,Sunday,1,Winter
2024-01-08,151.91287051401878,8.33256362796126,Monday,0,Winter
2024-01-09,166.3883199976934,13.411538178152066,Tuesday,0,Winter
2024-01-10,168.93932159053054,23.746393532969382,Wednesday,0,Winter
2024-01-11,160.97021955813125,19.864130862052356,Thursday,0,Winter
2024-01-12,153.8875713654942,19.42971061457814,Friday,0,Winter
2024-01-13,166.9902738074208,19.04943662172132,Saturday,1,Winter
2024-01-14,163.87721195930283,17.128728059588802,Sunday,1,Winter
2024-01-15,154.94100916474918,19.40729941014017,Monday,0,Winter
2024-01-16,157.78046131032693,15.779437454946029,Tuesday,0,Winter
2024-01-17,164.57415595592494,18.852695245685208,Wednesday,0,Winter
2024-01-18,158.73084191759528,27.545303476616013,Thursday,0,Winter
2024-01-19,159.51375033656973,17.66374445391918,Friday,0,Winter
2024-01-20,174.45332180633866,15.953590200654109,Saturday,1,Winter
2024-01-21,155.92672430351672,16.041614198725437,Sunday,1,Winter
2024-01-22,162.47840203635647,20.329240287657917,Monday,0,Winter
2024-01-23,150.90860097380968,13.860467740720264,Tuesday,0,Winter
2024-01-24,163.2364133068774,15.063154636373994,Wednesday,0,Winter
2024-01-25,165.97876994336224,23.164946283749035,Thursday,0,Winter
2024-01-26,157.83693457737388,12.585891796368387,Friday,0,Winter
2024-01-27,177.92321318491497,21.12500475406076,Saturday,1,Winter
2024-01-28,156.13233634278922,19.76518971880045,Sunday,1,Winter
2024-01-29,151.41994789706186,26.659238568293404,Monday,0,Winter
2024-01-30,161.46405108037095,21.8135523189792,Tuesday,0,Winter
2024-01-31,150.29225637148912,12.926667473385905,Wednesday,0,Winter
2024-02-01,190.3911028419131,16.00224997668049,Thursday,0,Winter
2024-02-02,143.9821163701329,19.44763589446806,Friday,0,Winter
2024-02-03,163.70240622143882,17.21181747991729,Saturday,1,Winter
2024-02-04,170.40274759335583,14.441868326130528,Sunday,1,Winter
2024-02-05,170.88386561419009,19.65367765521049,Monday,0,Winter
2024-02-06,160.18806182690713,14.007923553624622,Tuesday,0,Winter
2024-02-07,157.73865138345909,18.17487196748262,Wednesday,0,Winter
2024-02-08,180.4640553954159,14.554595249987681,Thursday,0,Winter
2024-02-09,167.31125828916288,14.872578835242537,Friday,0,Winter
2024-02-10,166.29269817161793,12.79258470478056,Saturday,1,Winter
2024-02-11,146.9634427480165,12.980448787237039,Sunday,1,Winter
2024-02-12,171.35550718278878,20.456049645681865,Monday,0,Winter
2024-02-13,173.2662457036577,14.74426119528881,Tuesday,0,Winter
2024-02-14,163.61308019224978,23.35745565106855,Wednesday,0,Winter
2024-02-15,175.73848220245804,15.39880894270296,Thursday,0,Winter
2024-02-16,170.84839153817603,14.538603535022677,Friday,0,Winter
2024-02-17,159.08978099037958,19.4842941269157,Saturday,1,Winter
2024-02-18,179.26342095024745,14.554103446796598,Sunday,1,Winter
2024-02-19,162.8722625430561,16.169828341510776,Monday,0,Winter
2024-02-20,165.86955489018519,22.46877490848977,Tuesday,0,Winter
2024-02-21,159.9850512765287,15.863291404188155,Wednesday,0,Winter
2024-02-22,149.97641717688597,10.36807510356233,Thursday,0,Winter
2024-02-23,162.08358674969173,16.399875878389313,Friday,0,Winter
2024-02-24,155.61434209852237,9.85254209228935,Saturday,1,Winter
2024-02-25,159.0200456614316,16.95580316037506,Sunday,1,Winter
2024-02-26,152.9824727214532,24.443205263609524,Monday,0,Winter
2024-02-27,165.61137827462227,17.362943089620146,Tuesday,0,Winter
2024-02-28,170.58577183671585,22.656275724012673,Wednesday,0,Winter
2024-02-29,164.73120780310364,7.84410070375081,Thursday,0,Winter
2024-03-01,198.7673102512857,24.37166662309343,Friday,0,Spring
2024-03-02,176.34959800525584,21.768163403182335,Saturday,1,Spring
2024-03-03,198.16463799402572,22.43581786800673,Sunday,1,Spring
2024-03-04,178.647686961826,23.39047887712607,Monday,0,Spring
2024-03-05,198.4598241869063,22.163609951562847,Tuesday,0,Spring
2024-03-06,180.8719770982808,21.24167554714001,Wednesday,0,Spring
2024-03-07,204.21871161727015,18.943587889440078,Thursday,0,Spring
2024-03-08,184.6295679752209,27.20849360380905,Friday,0,Spring
2024-03-09,192.73170665332796,27.27521519718208,Saturday,1,Spring
2024-03-10,194.91956115784726,18.65344973036533,Sunday,1,Spring
2024-03-11,192.9051550239953,16.41406725325112,Monday,0,Spring
2024-03-12,183.29222866229196,18.62298320704025,Tuesday,0,Spring
2024-03-13,181.07323762620592,35.89642738074076,Wednesday,0,Spring
2024-03-14,180.46589847878764,25.54346577565121,Thursday,0,Spring
2024-03-15,160.23775802889702,19.41094132788667,Friday,0,Spring
2024-03-16,190.10538577610905,22.4408060006145,Saturday,1,Spring
2024-03-17,192.27503908039208,26.301526645914894,Sunday,1,Spring
2024-03-18,196.2212022848869,20.526582688172486,Monday,0,Spring
2024-03-19,192.57485899294994,21.5105014354906,Tuesday,0,Spring
2024-03-20,206.8538447996834,13.264116525860386,Wednesday,0,Spring
2024-03-21,202.4075938968775,28.99368940876648,Thursday,0,Spring
2024-03-22,189.3713600864038,26.69979872792399,Friday,0,Spring
2024-03-23,197.3292715834902,23.250584868872135,Saturday,1,Spring
2024-03-24,181.9900737612757,24.6897606816598,Sunday,1,Spring
2024-03-25,218.73198475092994,28.419645476188094,Monday,0,Spring
2024-03-26,186.38761049985996,21.19670792785916,Tuesday,0,Spring
2024-03-27,185.20072511738613,18.975109146802044,Wednesday,0,Spring
2024-03-28,212.5110761468024,19.081508434979067,Thursday,0,Spring
2024-03-29,203.34262731260097,21.635430848071266,Friday,0,Spring
2024-03-30,191.43301807229344,24.725642221242772,Saturday,1,Spring
2024-03-31,194.8219855175668,25.701476823761652,Sunday,1,Spring
2024-04-01,189.69304730603264,15.89328525995296,Monday,0,Spring
2024-04-02,188.5102948827556,20.789084973571853,Tuesday,0,Spring
2024-04-03,178.3237192138425,20.299383428894267,Wednesday,0,Spring
2024-04-04,186.94731349898458,29.147509862203037,Thursday,0,Spring
2024-04-05,185.24290327436464,16.998722713606227,Friday,0,Spring
2024-04-06,177.6638667876011,21.873507677342996,Saturday,1,Spring
2024-04-07,197.2083577358897,14.316742586163775,Sunday,1,Spring
2024-04-08,207.60262369077296,18.881378025556078,Monday,0,Spring
2024-04-09,187.31980707494105,23.292312399843212,Tuesday,0,Spring
2024-04-10,195.66981961616352,23.03019399172363,Wednesday,0,Spring
2024-04-11,212.16176020911104,25.136676469882655,Thursday,0,Spring
2024-04-12,192.7733433754809,28.39363313058149,Friday,0,Spring
2024-04-13,200.82120050493717,31.305659221708474,Saturday,1,Spring
2024-04-14,181.3272337892826,22.855213128944406,Sunday,1,Spring
2024-04-15,202.45281440318166,13.760400107308303,Monday,0,Spring
2024-04-16,183.6872972655522,22.96534360776766,Tuesday,0,Spring
2024-04-17,195.03948900084308,12.610347650378342,Wednesday,0,Spring
2024-04-18,187.52925403496218,25.315608525302018,Thursday,0,Spring
2024-04-19,191.5991756970823,22.976063349288633,Friday,0,Spring
2024-04-20,188.968672268556,26.001888567236424,Saturday,1,Spring
2024-04-21,215.17833749843643,24.856142741508844,Sunday,1,Spring
2024-04-22,192.8855347425333,30.92376143551025,Monday,0,Spring
2024-04-23,198.7003844311783,24.682401615811642,Tuesday,0,Spring
2024-04-24,213.37975229079933,28.384332562439795,Wednesday,0,Spring
2024-04-25,194.13942964929296,22.539067456137694,Thursday,0,Spring
2024-04-26,200.68960706833283,26.158171254744097,Friday,0,Spring
2024-04-27,184.73507418417944,20.569723201096775,Saturday,1,Spring
2024-04-28,181.97843278645493,27.428831953587256,Sunday,1,Spring
2024-04-29,201.65677390124853,22.2718390818915,Monday,0,Spring
2024-04-30,168.90628436702895,20.031611761429776,Tuesday,0,Spring
2024-05-01,196.63186674786178,24.573388786495833,Wednesday,0,Spring
2024-05-02,192.24071717791267,28.879189164661206,Thursday,0,Spring
2024-05-03,218.04953828164764,34.62348336162252,Friday,0,Spring
2024-05-04,183.57904690637326,21.24356771338656,Saturday,1,Spring
2024-05-05,192.80527800726946,24.33812045277469,Sunday,1,Spring
2024-05-06,185.6856671138559,22.5880468026775,Monday,0,Spring
2024-05-07,206.6967400772222,20.0407274365865,Tuesday,0,Spring
2024-05-08,207.76188458330938,31.962592945892922,Wednesday,0,Spring
2024-05-09,213.21056340491103,17.19873270742412,Thursday,0,Spring
2024-05-10,197.9438725775286,12.302804556070722,Friday,0,Spring
2024-05-11,185.68641896793022,23.519964132722066,Saturday,1,Spring
2024-05-12,192.06578849597497,23.202968390925445,Sunday,1,Spring
2024-05-13,192.5498757002039,18.176508728509663,Monday,0,Spring
2024-05-14,197.36924542677914,22.131289263750233,Tuesday,0,Spring
2024-05-15,206.7561009384359,32.289124326933596,Wednesday,0,Spring
2024-05-16,178.14954573989834,23.08903805773448,Thursday,0,Spring
2024-05-17,187.93733684234942,21.409610425149506,Friday,0,Spring
2024-05-18,187.4566495647726,28.846562259014146,Saturday,1,Spring
2024-05-19,192.93812224894376,38.046207313347324,Sunday,1,Spring
2024-05-20,214.38190001722913,24.309807128534604,Monday,0,Spring
2024-05-21,196.3309480178169,26.2082932177046,Tuesday,0,Spring
2024-05-22,194.01324101914625,27.735736896350012,Wednesday,0,Spring
2024-05-23,200.30742856921842,26.0578705097535,Thursday,0,Spring
2024-05-24,190.02366000530287,19.077905318344648,Friday,0,Spring
2024-05-25,179.95910547017178,24.783261055465054,Saturday,1,Spring
2024-05-26,195.20571966245953,21.996401125562215,Sunday,1,Spring
2024-05-27,181.79303498091548,28.794666173593214,Monday,0,Spring
2024-05-28,199.10043142555847,20.68371338482168,Tuesday,0,Spring
2024-05-29,202.63100732672248,25.737451324840542,Wednesday,0,Spring
2024-05-30,188.60794707898222,32.17905671835802,Thursday,0,Spring
2024-05-31,205.44747556355568,32.85300782157286,Friday,0,Spring
2024-06-01,140.58572615394772,9.441311039928756,Saturday,1,Summer
2024-06-02,134.69717999592316,7.385301316999293,Sunday,1,Summer
2024-06-03,139.70725792772717,12.218117114541709,Monday,0,Summer
2024-06-04,151.316785606737,15.619818257141821,Tuesday,0,Summer
2024-06-05,129.85316829880222,8.589824558762661,Wednesday,0,Summer
2024-06-06,137.52851332157917,10.921882724991068,Thursday,0,Summer
2024-06-07,153.82395730423923,10.028857303784317,Friday,0,Summer
2024-06-08,133.15645316196893,9.993597461136101,Saturday,1,Summer
2024-06-09,148.0457327052396,13.89440351487776,Sunday,1,Summer
2024-06-10,136.2350664634592,14.361662447106283,Monday,0,Summer
2024-06-11,140.552442895129,9.3908482246659,Tuesday,0,Summer
2024-06-12,153.6657404791518,17.100814363345368,Wednesday,0,Summer
2024-06-13,138.69595945405916,9.634509013069133,Thursday,0,Summer
2024-06-14,133.514746598955,10.059415341236754,Friday,0,Summer
2024-06-15,152.35663472853264,15.670576155559678,Saturday,1,Summer
2024-06-16,133.54404864706882,11.501805412988988,Sunday,1,Summer
2024-06-17,136.96089575190172,6.6837982304232675,Monday,0,Summer
2024-06-18,142.3491790409351,17.715118086576325,Tuesday,0,Summer
2024-06-19,148.48558065942944,15.747206106999911,Wednesday,0,Summer
2024-06-20,143.49472054434534,9.203799678091118,Thursday,0,Summer
2024-06-21,143.43170747253873,11.671543258461178,Friday,0,Summer
2024-06-22,157.53417426546386,9.35650162723227,Saturday,1,Summer
2024-06-23,129.90073203773068,17.742093756052732,Sunday,1,Summer
2024-06-24,127.6164671427421,13.425721187491948,Monday,0,Summer
2024-06-25,153.67586797920558,11.96750145337748,Tuesday,0,Summer
2024-06-26,162.58944968934657,12.229984877014036,Wednesday,0,Summer
2024-06-27,128.41630988378415,7.46622864874777,Thursday,0,Summer
2024-06-28,134.36017741463806,14.961992204092892,Friday,0,Summer
2024-06-29,144.67766727235306,12.162579935959739,Saturday,1,Summer
2024-06-30,147.58294785922905,13.102298804881888,Sunday,1,Summer
2024-07-01,145.2313780785977,6.365991784705019,Monday,0,Summer
2024-07-02,145.09616550537538,15.232856863059329,Tuesday,0,Summer
2024-07-03,142.0727258700742,9.117348949894309,Wednesday,0,Summer
2024-07-04,117.15545845960739,14.493480982206316,Thursday,0,Summer
2024-07-05,134.37622471966924,13.328475183897435,Friday,0,Summer
2024-07-06,146.43582507031897,6.422524539423712,Saturday,1,Summer
2024-07-07,138.96973525414165,15.216993047003209,Sunday,1,Summer
2024-07-08,159.82715554366507,15.251746225000744,Monday,0,Summer
2024-07-09,146.32161306082048,13.760443933277989,Tuesday,0,Summer
2024-07-10,125.90584169909438,15.580095435692956,Wednesday,0,Summer
2024-07-11,151.22515917133106,11.586096566098597,Thursday,0,Summer
2024-07-12,149.06741024547287,9.659729635573768,Friday,0,Summer
2024-07-13,154.73211515918086,13.328556529645747,Saturday,1,Summer
2024-07-14,135.5295936191084,11.181100469976313,Sunday,1,Summer
2024-07-15,147.33569685799822,22.076758095506065,Monday,0,Summer
2024-07-16,150.12619922273464,18.846058426900285,Tuesday,0,Summer
2024-07-17,136.25119630367087,17.114457626910546,Wednesday,0,Summer
2024-07-18,137.20955731889572,16.80891779639434,Thursday,0,Summer
2024-07-19,157.34524543579,13.457033113412649,Friday,0,Summer
2024-07-20,141.19030322309715,11.769445541181334,Saturday,1,Summer
2024-07-21,151.5834200135533,12.094930724531903,Sunday,1,Summer
2024-07-22,145.36054003230706,12.977123525154125,Monday,0,Summer
2024-07-23,143.61381063830572,14.468042539113904,Tuesday,0,Summer
2024-07-24,141.93575282840993,14.890522057275085,Wednesday,0,Summer
2024-07-25,145.68233940425796,16.466086924298278,Thursday,0,Summer
2024-07-26,131.66135886871365,7.942902617703767,Friday,0,Summer
2024-07-27,140.91130635608036,7.7222306849026525,Saturday,1,Summer
2024-07-28,132.1232245535545,22.865312239254763,Sunday,1,Summer
2024-07-29,139.22150950285064,5.80531283598151,Monday,0,Summer
2024-07-30,147.76731226844115,19.80084996111212,Tuesday,0,Summer
2024-07-31,149.64009942337873,18.99750289402071,Wednesday,0,Summer
2024-08-01,129.66836320690095,9.997066965290383,Thursday,0,Summer
2024-08-02,136.59793731784342,12.622474147539172,Friday,0,Summer
2024-08-03,119.76928077249349,14.542766779078514,Saturday,1,Summer
2024-08-04,141.77849251705467,9.796701176919491,Sunday,1,Summer
2024-08-05,144.74484679022072,6.886280514147385,Monday,0,Summer
2024-08-06,145.48200029197528,10.921089343286134,Tuesday,0,Summer
2024-08-07,122.72936783124212,7.829599959232226,Wednesday,0,Summer
2024-08-08,155.16696913656233,11.460402633660705,Thursday,0,Summer
2024-08-09,149.20398955678704,5.854531812500934,Friday,0,Summer
2024-08-10,137.1799188585702,12.0119315680708,Saturday,1,Summer
2024-08-11,138.78028337089663,13.988729161077085,Sunday,1,Summer
2024-08-12,121.10451306441398,14.980353316122065,Monday,0,Summer
2024-08-13,144.62218636140298,13.944227043389459,Tuesday,0,Summer
2024-08-14,152.19741830729802,8.49387269248988,Wednesday,0,Summer
2024-08-15,115.28645553733044,16.349957974151586,Thursday,0,Summer
2024-08-16,132.52682339871384,9.395956597465764,Friday,0,Summer
2024-08-17,153.87520439631984,12.055567892814345,Saturday,1,Summer
2024-08-18,140.73802528589917,15.987660470882977,Sunday,1,Summer
2024-08-19,137.9603312562848,12.79997995265934,Monday,0,Summer
2024-08-20,134.91029216975545,9.449863284832416,Tuesday,0,Summer
2024-08-21,118.60699570086845,13.648642067499766,Wednesday,0,Summer
2024-08-22,149.58264736086156,11.056631458197971,Thursday,0,Summer
2024-08-23,133.84925712827186,18.72954294514144,Friday,0,Summer
2024-08-24,146.9737396387108,8.948176806111945,Saturday,1,Summer
2024-08-25,135.0377170138372,13.176522602588852,Sunday,1,Summer
2024-08-26,142.61120032245645,16.103797433436768,Monday,0,Summer
2024-08-27,155.50875397196856,14.007301827352578,Tuesday,0,Summer
2024-08-28,142.07424996653737,10.464242533776986,Wednesday,0,Summer
2024-08-29,146.09788777603637,14.607271250618432,Thursday,0,Summer
2024-08-30,128.43509297220032,4.259078346879885,Friday,0,Summer
2024-08-31,145.87376942454662,20.082655624483717,Saturday,1,Summer
2024-09-01,106.8748650040648,6.849089428182825,Sunday,1,Fall
2024-09-02,97.62735704295974,6.029150297219054,Monday,0,Fall
2024-09-03,104.48088399959195,5.35507771151688,Tuesday,0,Fall
2024-09-04,107.61342557555147,6.8269519276038455,Wednesday,0,Fall
2024-09-05,110.2429374578623,13.495292254992508,Thursday,0,Fall
2024-09-06,92.06291736903901,-1.5914283314426747,Friday,0,Fall
2024-09-07,104.81747194527635,2.724786791941372,Saturday,1,Fall
2024-09-08,104.33872452771394,5.063060897536201,Sunday,1,Fall
2024-09-09,99.58690458255276,10.333579841675707,Monday,0,Fall
2024-09-10,111.59636958264346,8.361362046068322,Tuesday,0,Fall
2024-09-11,121.90948959571894,7.684607981835922,Wednesday,0,Fall
2024-09-12,98.96668263813794,1.1127381574542277,Thursday,0,Fall
2024-09-13,108.27820247939907,-5.686814816376971,Friday,0,Fall
2024-09-14,109.79654429741473,3.1801695335736166,Saturday,1,Fall
2024-09-15,106.59139124213888,0.5057905416900814,Sunday,1,Fall
2024-09-16,119.2583026520696,2.075848153350727,Monday,0,Fall
2024-09-17,90.94764425233234,11.553024637765535,Tuesday,0,Fall
2024-09-18,102.42578919744983,5.886134877635589,Wednesday,0,Fall
2024-09-19,113.41489474313644,5.267906613343689,Thursday,0,Fall
2024-09-20,108.1241716235742,11.048962380219434,Friday,0,Fall
2024-09-21,106.0699508287123,3.5713717684131394,Saturday,1,Fall
2024-09-22,113.62445211891686,0.4077914888895,Sunday,1,Fall
2024-09-23,104.05332757248638,2.952497479150349,Monday,0,Fall
2024-09-24,120.91740726303331,12.507634096032145,Tuesday,0,Fall
2024-09-25,109.20506146408911,9.547688857485776,Wednesday,0,Fall
2024-09-26,106.69297742469281,-3.234314568151408,Thursday,0,Fall
2024-09-27,97.1707903846177,2.7181606072921554,Friday,0,Fall
2024-09-28,119.05872223837082,5.943173601379876,Saturday,1,Fall
2024-09-29,117.40802437006963,12.23887392490294,Sunday,1,Fall
2024-09-30,111.54198722960862,3.745900677322032,Monday,0,Fall
2024-10-01,104.07898765313779,18.017766407437072,Tuesday,0,Fall
2024-10-02,94.5647496584658,4.410488127979267,Wednesday,0,Fall
2024-10-03,121.26328307366015,2.83375978362737,Thursday,0,Fall
2024-10-04,94.39558998851277,9.698217330701844,Friday,0,Fall
2024-10-05,110.39078960043027,6.241914820873587,Saturday,1,Fall
2024-10-06,99.20102450472669,16.746013149109995,Sunday,1,Fall
2024-10-07,100.33892828277854,1.7870846690008149,Monday,0,Fall
2024-10-08,96.41857718198997,8.42265627301026,Tuesday,0,Fall
2024-10-09,120.30655858606909,7.537105920882555,Wednesday,0,Fall
2024-10-10,103.1437781844885,2.798546253859863,Thursday,0,Fall
2024-10-11,106.58109603953295,7.808524286002564,Friday,0,Fall
2024-10-12,115.4017123606662,2.3094052157527476,Saturday,1,Fall
2024-10-13,100.10821930896996,4.088757767880797,Sunday,1,Fall
2024-10-14,118.17229270393605,-3.9282197677707664,Monday,0,Fall
2024-10-15,92.74173970854457,0.864296577804561,Tuesday,0,Fall
2024-10-16,99.53382004890416,-2.7052974183362704,Wednesday,0,Fall
2024-10-17,93.41992953443443,5.002708447782675,Thursday,0,Fall
2024-10-18,105.89662510040264,-0.6997112127597349,Friday,0,Fall
2024-10-19,111.89888043689056,6.769814943516408,Saturday,1,Fall
2024-10-20,110.48989868640119,13.706360696939468,Sunday,1,Fall
2024-10-21,112.026350329228,-0.5899987494055345,Monday,0,Fall
2024-10-22,106.56824433513864,7.412475118631871,Tuesday,0,Fall
2024-10-23,103.64717384862989,0.9867813882049603,Wednesday,0,Fall
2024-10-24,115.44145095245018,2.1138113644170726,Thursday,0,Fall
2024-10-25,109.81109563746368,12.921318750318022,Friday,0,Fall
2024-10-26,83.70745102911742,8.170212789177402,Saturday,1,Fall
2024-10-27,114.65276564770878,4.4902828762524765,Sunday,1,Fall
2024-10-28,89.2714153650955,11.286484083125846,Monday,0,Fall
2024-10-29,109.45810709851936,5.498209958952523,Tuesday,0,Fall
2024-10-30,102.59432112580616,8.277862040023658,Wednesday,0,Fall
2024-10-31,109.43333397066125,-3.3265509858465823,Thursday,0,Fall
2024-11-01,101.84586010438412,4.1060547400163525,Friday,0,Fall
